1100149,Flood in Romania,FL,45.0761686,24.8092237,2019-06-01 00:00:00,2019-06-17 00:00:00,Green,1,0.5,Romania
1100140,Flood in Maldives,FL,6.449901,72.62648989,2019-05-30 00:00:00,2019-06-11 00:00:00,Green,1,0.5,Maldives
1000234,Flood in United States,FL,35.683874,-81.251412,2019-05-11 00:00:00,2019-06-10 00:00:00,Green,1,0.5,United States
1000235,Flood in Ghana,FL,5.748899583,-2.120382546,2019-05-31 00:00:00,2019-06-05 00:00:00,green,1,0,Ghana
1100186,Flood in China,FL,23.7331,108.823,2019-05-27 00:00:00,2019-05-27 00:00:00,Green,1,0.5,China
1000232,Flood in Croatia|Bosnia and Herzegovina,FL,44.921,16.54,2019-05-12 00:00:00,2019-05-19 00:00:00,green,1,0,Croatia|Bosnia and Herzegovina
1000233,Flood in Paraguay,FL,-22.526,-58.867,2019-04-01 00:00:00,2019-05-17 00:00:00,Green,1,0,Paraguay
1000231,Flood in Italy,FL,45.055,12.052,2019-05-11 00:00:00,2019-05-17 00:00:00,green,1,0,Italy
1100000,Flood in Indonesia,FL,-6.2614927,106.8105998,2019-04-25 00:00:00,2019-04-25 00:00:00,Green,1,0.5,Indonesia
1000225,"Flood in Iran, Islamic Republic of",FL,28.289,59.648,2019-03-04 00:00:00,2019-04-08 00:00:00,Orange,2,0,"Iran, Islamic Republic of"
1000230,Flood in Afghanistan,FL,34.61,63.371,2019-03-20 00:00:00,2019-04-05 00:00:00,green,1,0,Afghanistan
1000227,Flood in Mozambique,FL,-15.178,36.432,2019-03-09 00:00:00,2019-03-29 00:00:00,Red,3,0,Mozambique
1000228,Flood in Zimbabwe,FL,-19.427,32.241,2019-03-14 00:00:00,2019-03-24 00:00:00,Orange,2,0,Zimbabwe
1000229,Flood in Indonesia,FL,-4.845,138.704,2019-03-16 00:00:00,2019-03-23 00:00:00,Orange,2,0,Indonesia
1000226,Flood in Malawi,FL,-15.38,35.122,2019-03-04 00:00:00,2019-03-18 00:00:00,Orange,2,0,Malawi
1000223,Flood in Afghanistan,FL,32.687,64.7,2019-03-01 00:00:00,2019-03-18 00:00:00,Green,1,0,Afghanistan
1000224,Flood in Pakistan,FL,28.366,65.797,2019-03-01 00:00:00,2019-03-07 00:00:00,green,1,0,Pakistan
1000221,Flood in Peru,FL,-16.074,-71.41,2019-02-07 00:00:00,2019-03-02 00:00:00,Green,1,0,Peru
1000222,Flood in Ecuador,FL,-1.381,-79.922,2019-02-19 00:00:00,2019-02-26 00:00:00,green,1,0,Ecuador
1000219,Flood in Indonesia,FL,-4.838,121.448,2019-01-21 00:00:00,2019-02-02 00:00:00,green,1,0,Indonesia
1000220,Flood in Brazil,FL,-20.135,-44.173,2019-01-25 00:00:00,2019-02-02 00:00:00,Orange,2,0,Brazil
1000218,Flood in Mozambique,FL,-17.302,34.588,2019-01-21 00:00:00,2019-01-29 00:00:00,green,1,0,Mozambique
1100430,Flood in Papua New Guinea,FL,-6.7467052,155.68563,2020-04-01 00:00:00,2020-04-15 00:00:00,Green,1,0.5,Papua New Guinea
1100417,Flood in Indonesia,FL,-7.1274404,112.3369941,2020-03-25 00:00:00,2020-04-05 00:00:00,Green,1,0.5,Indonesia
1100427,Flood in Spain,FL,40.091593,0.1421234,2020-03-31 00:00:00,2020-04-02 00:00:00,Green,1,0.5,Spain
1100429,"Flood in Fiji, Solomon Islands, Vanuatu",FL,-17.5291712,177.6646892,2020-04-01 00:00:00,2020-04-01 00:00:00,Green,1,0.5,"Fiji, Solomon Islands, Vanuatu"
1100431,Flood in Colombia,FL,6.5187296,-76.9753025,2020-04-01 00:00:00,2020-04-01 00:00:00,Green,1,0.5,Colombia
1100425,Flood in Peru,FL,-8.6303582,-77.0835021,2020-03-28 00:00:00,2020-03-31 00:00:00,Green,1,0.5,Peru
1100416,Flood in India,FL,33.2412315,75.2385807,2020-03-27 00:00:00,2020-03-31 00:00:00,Green,1,0.5,India
1100411,Flood in United States,FL,41.395627,-81.676026,2020-03-27 00:00:00,2020-03-31 00:00:00,Green,1,0.5,United States
1100396,Flood in Burundi,FL,-3.0676202,29.457626,2020-03-02 00:00:00,2020-03-29 00:00:00,Green,1,0.5,Burundi
1100420,Flood in Malaysia,FL,2.382275,102.2113607,2020-03-23 00:00:00,2020-03-27 00:00:00,Green,1,0.5,Malaysia
1100414,Flood in Kenya,FL,-0.0916671,34.76706559,2020-03-26 00:00:00,2020-03-26 00:00:00,Green,1,0.5,Kenya
1100422,Flood in Syria,FL,35.9593018,38.9981616,2020-03-25 00:00:00,2020-03-25 00:00:00,Green,1,0.5,Syria
1100423,Flood in Yemen,FL,14.5366972,49.12729568,2020-03-25 00:00:00,2020-03-25 00:00:00,Green,1,0.5,Yemen
1100421,Flood in Pakistan,FL,34.9403853,72.3465371,2020-03-24 00:00:00,2020-03-24 00:00:00,Green,1,0.5,Pakistan
1100412,Flood in United States,FL,39.543246,-84.297651,2020-03-19 00:00:00,2020-03-23 00:00:00,Green,1,0.5,United States
1100413,Flood in Ecuador,FL,-1.733333,-77.483333,2020-03-17 00:00:00,2020-03-23 00:00:00,Green,1,0.5,Ecuador
1100415,Flood in Afghanistan,FL,34.980779,68.835183,2020-03-21 00:00:00,2020-03-21 00:00:00,Green,1,0.5,Afghanistan
1100424,Flood in Papua New Guinea,FL,-5.911066,144.8516084,2020-03-21 00:00:00,2020-03-21 00:00:00,Green,1,0.5,Papua New Guinea
1100419,Flood in Iran,FL,37.2808189,49.5918814,2020-03-21 00:00:00,2020-03-21 00:00:00,Green,1,0.5,Iran
1100402,Flood in Angola,FL,-16.5568536,15.7867319,2020-03-10 13:00:00,2020-03-20 13:00:00,Green,1,0.5,Angola
1100418,Flood in Indonesia,FL,-7.0516072,107.7462029,2020-03-20 00:00:00,2020-03-20 00:00:00,Green,1,1.5,Indonesia
1100400,Flood in East Timor,FL,-8.5502807,125.663291,2020-03-13 00:00:00,2020-03-18 00:00:00,Green,1,0.5,East Timor
1100407,Flood in Iraq,FL,37.117642,43.123859,2020-03-17 00:00:00,2020-03-17 00:00:00,Green,1,0.5,Iraq
1100408,Flood in Fiji,FL,-18.0405261,178.1404626,2020-03-17 00:00:00,2020-03-17 00:00:00,Green,1,0.5,Fiji
1100410,Flood in Democratic Republic of the Congo,FL,-1.4623503,26.4513805,2020-03-14 00:00:00,2020-03-17 00:00:00,Green,1,0.5,Democratic Republic of the Congo
1100401,Flood in Solomon Islands,FL,-9.04982005,161.105074,2020-03-11 00:00:00,2020-03-16 00:00:00,Green,1,0.5,Solomon Islands
1100406,Flood in Colombia,FL,7.080815,-73.1706764,2020-03-14 00:00:00,2020-03-14 00:00:00,Green,1,0.5,Colombia
1100403,Flood in Kenya,FL,-0.4782484,37.5995788,2020-03-14 00:00:00,2020-03-14 00:00:00,Green,1,0.5,Kenya
1100404,Flood in Madagascar,FL,-14.2737138,50.1696427,2020-03-13 00:00:00,2020-03-13 00:00:00,Green,1,0.5,Madagascar
1100409,Flood in Peru,FL,-16.4074566,-71.5355601,2020-03-13 00:00:00,2020-03-13 00:00:00,Green,1,0.5,Peru
1100397,Flood in Egypt,FL,24.8766665,28.77573453,2020-03-12 00:00:00,2020-03-12 00:00:00,Green,1,0.5,Egypt
1100405,Flood in Tanzania,FL,-7.95910735,38.6439346,2020-03-11 00:00:00,2020-03-11 00:00:00,Green,1,0.5,Tanzania
1100374,Flood in Indonesia,FL,0.6844613,122.8333081,2020-02-08 00:00:00,2020-03-10 00:00:00,Green,1,0.5,Indonesia
1100392,Flood in Indonesia,FL,-2.1225048,133.9558677,2020-03-07 00:00:00,2020-03-10 00:00:00,Green,1,0.5,Indonesia
1100390,Flood in Bolivia,FL,-16.69934005,-64.46776562,2020-03-03 00:00:00,2020-03-09 00:00:00,Green,1,0.5,Bolivia
1100394,Flood in Pakistan,FL,34.9403853,72.3465371,2020-03-05 00:00:00,2020-03-05 00:00:00,Green,1,0.5,Pakistan
1100386,Flood in Brazil,FL,-23.96055265,-46.39646897,2020-02-29 00:00:00,2020-03-03 00:00:00,Green,1,0.5,Brazil
1100388,Flood in Namibia,FL,-17.4418841,15.322229,2020-03-03 00:00:00,2020-03-03 00:00:00,Green,1,0.5,Namibia
1100389,Flood in Honduras,FL,15.6055064,-87.9559287,2020-02-28 00:00:00,2020-03-03 00:00:00,Green,1,0.5,Honduras
1100393,Flood in Indonesia,FL,-1.6568513,120.5421575,2020-03-02 00:00:00,2020-03-02 00:00:00,Green,1,0.5,Indonesia
1100395,Flood in Vietnam,FL,22.338106,104.152453,2020-03-02 00:00:00,2020-03-02 00:00:00,Green,1,0.5,Vietnam
1100399,Flood in Zambia,FL,-10.295043,32.21758049,2020-03-02 00:00:00,2020-03-02 00:00:00,Green,1,0.5,Zambia
1100398,Flood in Rwanda,FL,-2.2331485,29.7829498,2020-03-01 00:00:00,2020-03-01 00:00:00,Green,1,0.5,Rwanda
1100382,Flood in Peru,FL,-17.1838283,-70.8974604,2020-02-17 00:00:00,2020-02-26 00:00:00,Green,1,0.5,Peru
1100387,Flood in Colombia,FL,6.9913505,-73.0542015,2020-02-25 00:00:00,2020-02-25 00:00:00,Green,1,0.5,Colombia
1100379,Flood in South Africa,FL,-29.2369692,31.3582455,2020-02-22 00:00:00,2020-02-24 00:00:00,Green,1,0.5,South Africa
1100377,Flood in Samoa,FL,-13.5357503,-172.5411939,2020-02-22 00:00:00,2020-02-22 00:00:00,Green,1,0.5,Samoa
1100378,Flood in Malawi,FL,-13.8002785,32.8930061,2020-02-21 00:00:00,2020-02-21 00:00:00,Green,1,0.5,Malawi
1100384,Flood in Ecuador,FL,-2.22634,-80.8589064,2020-02-20 00:00:00,2020-02-20 00:00:00,Green,1,0.5,Ecuador
1100385,Flood in Bolivia,FL,-16.9931839,-65.1553871,2020-02-19 00:00:00,2020-02-19 00:00:00,Green,1,0.5,Bolivia
1100391,Flood in Indonesia,FL,-0.9502172,100.8893163,2020-02-15 00:00:00,2020-02-19 00:00:00,Green,1,0.5,Indonesia
1100371,Flood in Mozambique,FL,-19.1302469,33.4461138,2020-02-08 00:00:00,2020-02-18 00:00:00,Green,1,0.5,Mozambique
1100372,Flood in Tanzania,FL,-3.6620605,37.5840924,2020-02-16 00:00:00,2020-02-16 00:00:00,Green,1,0.5,Tanzania
1100380,Flood in Sweden,FL,58.2536946,13.0572074,2020-02-15 00:00:00,2020-02-15 00:00:00,Green,1,0.5,Sweden
1100381,Flood in United States,FL,35.2251662,-88.24918992,2020-02-14 00:00:00,2020-02-14 00:00:00,Green,1,0.5,United States
1100375,Flood in United Kingdom,FL,51.6487228,-3.43018356,2020-02-14 00:00:00,2020-02-14 00:00:00,Green,1,0.5,United Kingdom
1100368,Flood in Peru,FL,-13.6317795,-74.6501738,2020-02-05 00:00:00,2020-02-14 00:00:00,Green,1,0.5,Peru
1100345,Flood in Brazil,FL,-23.4380534,-47.06403,2020-01-17 00:00:00,2020-02-10 00:00:00,Green,1,0.5,Brazil
1100383,Flood in Argentina,FL,-24.8001756,-65.4097526,2020-02-10 00:00:00,2020-02-10 00:00:00,Green,1,0.5,Argentina
1100350,Flood in South Africa,FL,-25.872814,28.0812129,2020-02-02 00:00:00,2020-02-09 00:00:00,Green,1,0.5,South Africa
1100366,"Flood in Ireland, United Kingdom",FL,55.42751585,-2.781554011,2020-02-09 00:00:00,2020-02-09 00:00:00,Green,1,0.5,"Ireland, United Kingdom"
1100373,Flood in Zimbabwe,FL,-18.9283715,27.4992231,2020-02-08 00:00:00,2020-02-08 00:00:00,Green,1,0.5,Zimbabwe
1100364,Flood in Malawi,FL,-9.9524399,33.9246789,2020-02-01 00:00:00,2020-02-08 00:00:00,Green,1,0.5,Malawi
1100376,Flood in Australia,FL,-33.5921968,150.8462092,2020-02-07 00:00:00,2020-02-07 00:00:00,Green,1,0.5,Australia
1100369,Flood in Papua New Guinea,FL,-5.6571562,144.1870916,2020-02-02 00:00:00,2020-02-06 00:00:00,Green,1,0.5,Papua New Guinea
1100370,Flood in Bolivia,FL,-15.1677659,-69.0693756,2020-02-06 00:00:00,2020-02-06 00:00:00,Green,1,0.5,Bolivia
1100346,Flood in Tanzania,FL,-10.2626013,40.1874153,2020-02-03 11:00:00,2020-02-05 11:00:00,Green,1,0.5,Tanzania
1100347,Flood in Rwanda,FL,-2.0068233,30.1362973,2020-02-02 00:00:00,2020-02-04 00:00:00,Green,1,0.5,Rwanda
1100367,Flood in United States,FL,45.5582608,-117.1990173,2020-02-04 00:00:00,2020-02-04 00:00:00,Green,1,0.5,United States
1100361,Flood in New Zealand,FL,-45.7255555,168.2936808,2020-02-02 00:00:00,2020-02-02 00:00:00,Green,1,0.5,New Zealand
1100362,"Flood in France, Luxembourg",FL,48.6921578,6.184805302,2020-02-01 00:00:00,2020-02-01 00:00:00,Green,1,0.5,"France, Luxembourg"
1100365,Flood in Burundi,FL,-3.2847709,29.3271069,2020-01-18 00:00:00,2020-02-01 00:00:00,Green,1,0.5,Burundi
1100359,Flood in Paraguay,FL,-24.1871471,-56.5833285,2020-01-29 00:00:00,2020-02-01 00:00:00,Green,1,0.5,Paraguay
1100480,Flood in India,FL,19.9974793,73.7900028,2020-05-19 00:00:00,2020-06-03 00:00:00,Green,1,0.5,India
1100486,Flood in El Salvador,FL,13.692964,-89.21856971,2020-05-31 00:00:00,2020-05-31 00:00:00,Green,1,0.5,El Salvador
1100479,Flood in Somalia,FL,2.042778,45.338564,2020-05-21 14:00:00,2020-05-29 14:00:00,Orange,2,1.5,Somalia
1100488,Flood in Ethiopia,FL,6.13953,37.25580821,2020-05-28 00:00:00,2020-05-29 00:00:00,Green,1,0.5,Ethiopia
1100487,Flood in Oman,FL,17.0326793,54.1432442,2020-05-27 00:00:00,2020-05-27 00:00:00,Green,1,0.5,Oman
1100483,Flood in Central African Republic,FL,4.394753,18.5579786,2020-05-24 00:00:00,2020-05-27 00:00:00,Green,1,0.5,Central African Republic
1100485,Flood in Cuba,FL,21.9972319,-79.4694237,2020-05-25 00:00:00,2020-05-26 00:00:00,Green,1,0.5,Cuba
1100475,Flood in Honduras,FL,14.0648845,-87.1711842,2020-05-14 00:00:00,2020-05-25 00:00:00,Green,1,0.5,Honduras
1100484,Flood in Kenya,FL,-2.3066156,40.4427136,2020-05-24 00:00:00,2020-05-24 00:00:00,Green,1,0.5,Kenya
1100481,Flood in Indonesia,FL,-0.5008673,117.126032,2020-05-22 00:00:00,2020-05-22 00:00:00,Green,1,0.5,Indonesia
1100474,Flood in Uganda,FL,0.0603776,30.0511433,2020-05-21 00:00:00,2020-05-22 00:00:00,Green,1,0.5,Uganda
1100472,Flood in C么te d'Ivoire,FL,7.663813,-3.9823214,2020-05-16 00:00:00,2020-05-19 00:00:00,Green,1,0.5,C么te d'Ivoire
1100471,Flood in Algeria,FL,35.9994004,0.3381689,2020-05-16 00:00:00,2020-05-18 00:00:00,Green,1,0.5,Algeria
1100476,Flood in El Salvador,FL,13.725549,-89.1839098,2020-05-12 00:00:00,2020-05-16 00:00:00,Green,1,0.5,El Salvador
1100477,Flood in United States,FL,43.6762578,-84.376347,2020-05-14 00:00:00,2020-05-16 00:00:00,Green,1,0.5,United States
1100478,Flood in Ecuador,FL,-2.3054946,-78.1137582,2020-05-16 00:00:00,2020-05-16 00:00:00,Green,1,0.5,Ecuador
1100473,Flood in Democratic Republic of the Congo,FL,-3.2162684,17.6444882,2020-05-15 00:00:00,2020-05-15 00:00:00,Green,1,0.5,Democratic Republic of the Congo
1100470,Flood in Philippines,FL,11.4998863,125.5004872,2020-05-14 00:00:00,2020-05-14 00:00:00,Orange,2,1.5,Philippines
1100482,Flood in Sri Lanka,FL,5.9449042,80.548819,2020-05-14 00:00:00,2020-05-14 00:00:00,Green,1,0.5,Sri Lanka
1100468,Flood in Colombia,FL,1.1891882,-77.9478371,2020-05-10 00:00:00,2020-05-13 00:00:00,Green,1,0.5,Colombia
1100469,Flood in Pakistan,FL,34.4058849,72.555425,2020-05-11 00:00:00,2020-05-13 00:00:00,Green,1,0.5,Pakistan
1100452,Flood in Indonesia,FL,-2.1023625,118.9134803,2020-04-19 00:00:00,2020-05-13 00:00:00,Green,1,0.5,Indonesia
1100456,Flood in France,FL,45.9929364,-0.5944013,2020-05-02 00:00:00,2020-05-12 00:00:00,Green,1,0.5,France
1100464,Flood in Somalia,FL,2.0468854,45.3182093,2020-05-10 00:00:00,2020-05-12 00:00:00,Green,1,0.5,Somalia
1100453,Flood in Malaysia,FL,5.3504316,100.2353015,2020-04-25 00:00:00,2020-05-11 00:00:00,Green,1,0.5,Malaysia
1100507,Flood in Ethiopia,FL,8.1525979,35.5371154,2020-05-07 00:00:00,2020-05-10 00:00:00,Green,1,0.5,Ethiopia
1100465,Flood in Kenya,FL,3.2285332,40.70561647,2020-05-09 00:00:00,2020-05-09 00:00:00,Green,1,0.5,Kenya
1100459,Flood in Uganda,FL,1.35166485,34.56358069,2020-05-01 00:00:00,2020-05-09 00:00:00,Orange,2,0.5,Uganda
1100466,Flood in Guatemala,FL,15.8263199,-88.7536347,2020-05-08 00:00:00,2020-05-08 00:00:00,Green,1,0.5,Guatemala
1100467,Flood in Panama,FL,9.0961781,-79.4913765,2020-05-05 00:00:00,2020-05-08 00:00:00,Green,1,0.5,Panama
1100460,"Flood in Kazakhstan, Uzbekistan",FL,40.825024,68.233208,2020-05-01 00:00:00,2020-05-03 00:00:00,Green,1,0.5,"Kazakhstan, Uzbekistan"
1100461,Flood in Kyrgyzstan,FL,41.51006745,72.58826095,2020-05-02 00:00:00,2020-05-02 00:00:00,Green,1,0.5,Kyrgyzstan
1100457,Flood in Democratic Republic of the Congo,FL,1.945747,30.4891022,2020-05-02 00:00:00,2020-05-02 00:00:00,Green,1,0.5,Democratic Republic of the Congo
1100458,Flood in Rwanda,FL,-1.9358539,29.87755,2020-05-01 00:00:00,2020-05-01 00:00:00,Green,1,0.5,Rwanda
1100440,Flood in Afghanistan,FL,35.8072412,69.2872041,2020-04-13 00:00:00,2020-05-01 00:00:00,Green,1,0.5,Afghanistan
1100432,Flood in Democratic Republic of the Congo,FL,-2.6201134,26.1281,2020-04-16 00:00:00,2020-04-30 00:00:00,Green,1,0.5,Democratic Republic of the Congo
1100433,Flood in Kenya,FL,2.76556575,35.59772282,2020-04-18 00:00:00,2020-04-29 00:00:00,Orange,2,1.5,Kenya
1100448,Flood in Ethiopia,FL,9.5990678,41.8513448,2020-04-24 00:00:00,2020-04-27 00:00:00,Green,1,0.5,Ethiopia
1100463,Flood in Fiji,FL,-17.937998,178.4181716,2020-04-27 00:00:00,2020-04-27 00:00:00,Green,1,0.5,Fiji
1100434,Flood in Colombia,FL,5.5989424,-75.8198226,2020-04-15 00:00:00,2020-04-26 00:00:00,Green,1,0.5,Colombia
1100444,Flood in Canada,FL,57.184999,-111.636407,2020-04-25 00:00:00,2020-04-25 00:00:00,Green,1,0.5,Canada
1100446,Flood in Chad,FL,8.4798,18.4948167,2020-04-20 00:00:00,2020-04-24 00:00:00,Green,1,0.5,Chad
1100454,Flood in Vietnam,FL,22.4141295,103.2828127,2020-04-22 00:00:00,2020-04-24 00:00:00,Green,1,0.5,Vietnam
1100462,Flood in Laos,FL,20.2060267,102.6400734,2020-04-24 00:00:00,2020-04-24 00:00:00,Green,1,0.5,Laos
1100455,Flood in Papua New Guinea,FL,-5.8681168,144.645967,2020-04-23 00:00:00,2020-04-23 00:00:00,Green,1,0.5,Papua New Guinea
1100447,Flood in Djibouti,FL,11.5714338,43.146055,2020-04-20 00:00:00,2020-04-22 00:00:00,Green,1,0.5,Djibouti
1100445,Flood in Burkina Faso,FL,13.3259901,-1.5260359,2020-04-18 00:00:00,2020-04-22 00:00:00,Green,1,0.5,Burkina Faso
1100439,Flood in France,FL,-22.1314567,166.357117,2020-04-19 00:00:00,2020-04-21 00:00:00,Green,1,0.5,France
1100450,Flood in Somalia,FL,0.515005,42.0756619,2020-04-20 00:00:00,2020-04-20 00:00:00,Orange,2,0.5,Somalia
1100451,Flood in Tanzania,FL,-3.3428357,37.35088676,2020-04-20 00:00:00,2020-04-20 00:00:00,Green,1,0.5,Tanzania
1100436,Flood in Angola,FL,-10.7707527,15.0975712,2020-04-18 00:00:00,2020-04-18 00:00:00,Green,1,0.5,Angola
1100437,Flood in Burundi,FL,-4.3183994,29.6289696,2020-04-18 00:00:00,2020-04-18 00:00:00,Green,1,0.5,Burundi
1100438,Flood in Rwanda,FL,-1.6186078,30.4305491,2020-04-17 00:00:00,2020-04-17 00:00:00,Green,1,0.5,Rwanda
1100443,Flood in Yemen,FL,15.516683,45.4458,2020-04-13 00:00:00,2020-04-17 00:00:00,Green,1,0.5,Yemen
1100449,Flood in Kenya,FL,0.5090396,34.5731341,2020-04-16 00:00:00,2020-04-16 00:00:00,Green,1,0.5,Kenya
1100430,Flood in Papua New Guinea,FL,-6.7467052,155.68563,2020-04-01 00:00:00,2020-04-15 00:00:00,Green,1,0.5,Papua New Guinea
1100442,Flood in Pakistan,FL,34.8060845,72.3555037,2020-04-14 00:00:00,2020-04-14 00:00:00,Green,1,0.5,Pakistan
1100435,Flood in Ecuador,FL,-0.9959846,-77.81334562,2020-04-11 00:00:00,2020-04-13 00:00:00,Green,1,0.5,Ecuador
1100426,Flood in Greece,FL,39.2313539,23.2196112,2020-04-04 00:00:00,2020-04-06 00:00:00,Green,1,0.5,Greece
1100428,Flood in Malaysia,FL,1.53495025,103.7017607,2020-04-05 00:00:00,2020-04-06 00:00:00,Green,1,0.5,Malaysia
1100441,Flood in Iran,FL,36.0829323,49.8246053,2020-04-06 00:00:00,2020-04-06 00:00:00,Green,1,0.5,Iran
1100417,Flood in Indonesia,FL,-7.1274404,112.3369941,2020-03-25 00:00:00,2020-04-05 00:00:00,Green,1,0.5,Indonesia
1100427,Flood in Spain,FL,40.091593,0.1421234,2020-03-31 00:00:00,2020-04-02 00:00:00,Green,1,0.5,Spain
1100429,"Flood in Fiji, Solomon Islands, Vanuatu",FL,-17.5291712,177.6646892,2020-04-01 00:00:00,2020-04-01 00:00:00,Green,1,0.5,"Fiji, Solomon Islands, Vanuatu"
1100431,Flood in Colombia,FL,6.5187296,-76.9753025,2020-04-01 00:00:00,2020-04-01 00:00:00,Green,1,0.5,Colombia
1100188,Flood in Mali,FL,15.9205561,2.3950955,2019-08-24 00:00:00,2019-09-04 00:00:00,Green,1,0.5,Mali
1100181,"Flood in Cambodia, Laos, Thailand, Vietnam",FL,15.1189595,104.3241891,2019-08-29 00:00:00,2019-09-02 00:00:00,Green,1,1.5,"Cambodia, Laos, Thailand, Vietnam"
1100177,Flood in Kenya,FL,-0.872926,36.3003731,2019-09-01 00:00:00,2019-09-02 00:00:00,Green,1,0.5,Kenya
1100175,Flood in Algeria,FL,32.051469,-1.2448528,2019-09-01 00:00:00,2019-09-01 00:00:00,Green,1,0.5,Algeria
1100180,Flood in Uganda,FL,1.466667,34.4,2019-08-27 00:00:00,2019-08-31 00:00:00,Green,1,0.5,Uganda
1100178,Flood in Morocco,FL,29.09087655,-8.218037831,2019-08-28 00:00:00,2019-08-28 00:00:00,Green,1,0.5,Morocco
1100179,Flood in Niger,FL,13.5103543,2.1263121,2019-08-28 00:00:00,2019-08-28 00:00:00,Green,1,0.5,Niger
1100185,"Flood in British Virgin Islands, The Bahamas",FL,26.70673275,-78.87208856,2019-08-28 00:00:00,2019-08-28 00:00:00,Red,3,2.5,"British Virgin Islands, The Bahamas"
1100183,Flood in Japan,FL,33.1819875,131.4270217,2019-08-27 00:00:00,2019-08-27 00:00:00,Green,1,0.5,Japan
1100189,Flood in Russia,FL,43.8023524,131.9630897,2019-08-26 00:00:00,2019-08-26 00:00:00,Green,1,0.5,Russia
1100131,Flood in United States,FL,35.3293726,-94.3065656,2019-08-24 00:00:00,2019-08-26 00:00:00,Green,1,0.5,United States
1100134,"Flood in China, Philippines, Taiwan",FL,17.0922325,120.9737242,2019-08-23 00:00:00,2019-08-23 00:00:00,Green,1,0.5,"China, Philippines, Taiwan"
1100132,Flood in Spain,FL,39.7653342,-1.0406176,2019-08-20 00:00:00,2019-08-22 00:00:00,Green,1,0.5,Spain
1100130,Flood in Guatemala,FL,14.6589607,-90.8249412,2019-08-17 00:00:00,2019-08-22 00:00:00,Green,1,0.5,Guatemala
1100118,Flood in Pakistan,FL,34.7309029,71.5136581,2019-08-14 14:00:00,2019-08-22 00:00:00,Green,1,0.5,Pakistan
1100176,Flood in Central African Republic,FL,7.2468415,16.4361531,2019-08-18 00:00:00,2019-08-21 00:00:00,Green,1,0.5,Central African Republic
1100113,Flood in China,FL,30.66919595,104.121886,2019-07-31 00:00:00,2019-08-20 00:00:00,Red,3,0.5,China
1100124,Flood in Turkey,FL,41.0195959,28.933832,2019-08-17 00:00:00,2019-08-18 00:00:00,Green,1,0.5,Turkey
1100184,Flood in Japan,FL,35.0960331,138.3184486,2019-08-15 00:00:00,2019-08-18 00:00:00,Green,1,0.5,Japan
1100133,Flood in Nigeria,FL,10.2990179,5.3905156,2019-08-16 00:00:00,2019-08-16 00:00:00,Green,1,0.5,Nigeria
1100119,Flood in Sudan,FL,13.0687821,30.0036566,2019-08-08 00:00:00,2019-08-16 00:00:00,Green,1,0.5,Sudan
1100122,Flood in Pakistan,FL,25.5,69,2019-08-09 00:00:00,2019-08-13 00:00:00,Green,1,0.5,Pakistan
1100126,Flood in Vietnam,FL,11.5807423,108.074616,2019-08-08 00:00:00,2019-08-13 00:00:00,Green,1,0.5,Vietnam
1100123,Flood in Taiwan,FL,22.469976,120.549546,2019-08-12 00:00:00,2019-08-12 00:00:00,Green,1,0.5,Taiwan
1100120,Flood in Cambodia,FL,13.9311155,107.0391499,2019-08-08 00:00:00,2019-08-08 00:00:00,Green,1,0.5,Cambodia
1100127,Flood in Guatemala,FL,14.8127484,-91.651937,2019-08-04 00:00:00,2019-08-08 00:00:00,Green,1,0.5,Guatemala
1100125,Flood in Italy,FL,46.0148897,10.326231,2019-08-06 00:00:00,2019-08-07 00:00:00,Green,1,0.5,Italy
1100129,Flood in India,FL,19.3893451,85.0520085,2019-08-06 00:00:00,2019-08-06 00:00:00,Orange,2,0.5,India
1100121,Flood in Nepal,FL,28.43677595,83.17908265,2019-08-04 00:00:00,2019-08-06 00:00:00,Green,1,0.5,Nepal
1100115,Flood in Turkey,FL,41.025553,40.517638,2019-08-04 00:00:00,2019-08-06 00:00:00,Green,1,0.5,Turkey
1100104,Flood in Myanmar,FL,16.8221824,96.34755033,2019-07-14 00:00:00,2019-08-06 00:00:00,Orange,2,1.5,Myanmar
1100103,Flood in India,FL,16.1998058,77.3440831,2019-06-25 00:00:00,2019-08-04 00:00:00,Orange,2,1.5,India
1100111,Flood in Sierra Leone,FL,8.338977,-13.069573,2019-08-02 00:00:00,2019-08-02 00:00:00,Green,1,0.5,Sierra Leone
1100116,Flood in Uganda,FL,0.7084553,30.0640319,2019-07-21 00:00:00,2019-08-02 00:00:00,Green,1,0.5,Uganda
1100114,Flood in Nigeria,FL,5.7082721,6.8042493,2019-08-01 00:00:00,2019-08-01 00:00:00,Green,1,0.5,Nigeria
1100109,Flood in Yemen,FL,14.158996,44.2483812,2019-07-27 10:00:00,2019-07-31 00:00:00,Green,1,0.5,Yemen
1100173,Flood in Norway,FL,61.4534092,5.8493542,2019-07-30 00:00:00,2019-07-31 00:00:00,Green,1,0.5,Norway
1100174,Flood in United Kingdom,FL,53.3297883,-1.984206,2019-07-30 00:00:00,2019-07-30 00:00:00,Green,1,0.5,United Kingdom
1100112,Flood in China,FL,45.8023122,126.5404638,2019-07-30 00:00:00,2019-07-30 00:00:00,Green,1,0.5,China
1100102,Flood in Pakistan,FL,33.681074,70.32389,2019-07-14 13:00:00,2019-07-29 00:00:00,Orange,2,0.5,Pakistan
1100135,Flood in Laos,FL,17.9640988,102.6133707,2019-07-29 00:00:00,2019-07-29 00:00:00,Green,1,0.5,Laos
1100100,Flood in Nepal,FL,27.94472305,84.14945317,2019-07-08 15:00:00,2019-07-25 15:00:00,Orange,2,0.5,Nepal
1100110,Flood in Brazil,FL,-7.9206631,-34.9086673,2019-07-23 00:00:00,2019-07-25 00:00:00,Green,1,0.5,Brazil
1100101,Flood in Bangladesh,FL,24.4768783,90.2932426,2019-07-08 13:00:00,2019-07-23 13:00:00,Orange,2,1.5,Bangladesh
1100107,Flood in Turkey,FL,40.8774545,31.2009618,2019-07-17 14:00:00,2019-07-19 14:00:00,Green,1,0.5,Turkey
1100172,"Flood in Canada, United States",FL,43.6536032,-79.38400547,2019-07-16 00:00:00,2019-07-18 00:00:00,Green,1,0.5,"Canada, United States"
1100108,Flood in Philippines,FL,17.33969,121.1743808,2019-07-17 00:00:00,2019-07-17 00:00:00,Green,1,0.5,Philippines
1100171,Flood in Greece,FL,38.3224069,21.8517105,2019-07-14 00:00:00,2019-07-14 00:00:00,Green,1,0.5,Greece
1100106,Flood in United States,FL,29.9510443,-90.0716011,2019-07-08 00:00:00,2019-07-10 00:00:00,Green,1,0.5,United States
1100105,Flood in Pakistan,FL,36.25,72.25,2019-07-07 00:00:00,2019-07-09 00:00:00,Green,1,0.5,Pakistan
1100170,Flood in Spain,FL,42.5274011,-1.6769854,2019-07-08 00:00:00,2019-07-09 00:00:00,Green,1,0.5,Spain
1100168,Flood in Haiti,FL,18.529604,-72.40809,2019-07-02 00:00:00,2019-07-04 00:00:00,Green,1,0.5,Haiti
1100200,Flood in China,FL,27.0945675,114.8915648,2019-07-03 00:00:00,2019-07-03 00:00:00,Green,1,0.5,China
1100167,Flood in Vietnam,FL,19.2336972,104.9184438,2019-07-03 00:00:00,2019-07-03 00:00:00,Green,1,0.5,Vietnam
1100166,Flood in Japan,FL,32.604518,131.443404,2019-06-28 00:00:00,2019-06-28 00:00:00,Green,1,2.5,Japan
1100159,Flood in Mali,FL,14.078265,-3.5183411,2019-06-24 00:00:00,2019-06-27 00:00:00,Green,1,0.5,Mali
1100160,Flood in Ecuador,FL,-1.2891251,-78.3957308,2019-06-20 00:00:00,2019-06-27 00:00:00,Green,1,0.5,Ecuador
1100161,Flood in France,FL,49.139636,0.210405306,2019-06-24 00:00:00,2019-06-26 00:00:00,Green,1,0.5,France
1100163,"Flood in Mexico, United States",FL,26.0513314,-98.2979056,2019-06-24 00:00:00,2019-06-26 00:00:00,Green,1,0.5,"Mexico, United States"
1100162,Flood in United Kingdom,FL,55.9533079,-3.1881622,2019-06-24 00:00:00,2019-06-25 00:00:00,Green,1,0.5,United Kingdom
1100169,Flood in Russia,FL,54.3983444,98.63192327,2019-06-25 00:00:00,2019-06-25 00:00:00,Green,1,1.5,Russia
1100164,Flood in Vietnam,FL,21.7946694,103.1033237,2019-06-24 00:00:00,2019-06-24 00:00:00,Green,1,0.5,Vietnam
1100155,Flood in Switzerland,FL,47.07469595,6.971291301,2019-06-21 00:00:00,2019-06-24 00:00:00,Green,1,0.5,Switzerland
1100152,Flood in Hungary,FL,47.1678342,20.1878716,2019-06-19 00:00:00,2019-06-21 00:00:00,Green,1,0.5,Hungary
1100154,Flood in Poland,FL,50.79088115,22.3981793,2019-06-19 00:00:00,2019-06-19 00:00:00,Green,1,0.5,Poland
1100141,Flood in Turkey,FL,40.9394886,40.0552007,2019-06-09 00:00:00,2019-06-19 00:00:00,Green,1,0.5,Turkey
1100148,Flood in Portugal,FL,38.66365505,-27.22802954,2019-06-16 00:00:00,2019-06-17 00:00:00,Green,1,0.5,Portugal
1100149,Flood in Romania,FL,45.0761686,24.8092237,2019-06-01 00:00:00,2019-06-17 00:00:00,Green,1,0.5,Romania
1100156,Flood in Colombia,FL,1.6154569,-75.60423614,2019-06-16 00:00:00,2019-06-16 00:00:00,Green,1,0.5,Colombia
1100157,Flood in Uruguay,FL,-33.3809943,-56.5270558,2019-06-15 00:00:00,2019-06-15 00:00:00,Green,1,0.5,Uruguay
1100144,Flood in Brazil,FL,-7.561195,-35.0122389,2019-06-13 00:00:00,2019-06-15 00:00:00,Green,1,0.5,Brazil
1100153,Flood in Italy,FL,45.9863606,9.4302426,2019-06-10 00:00:00,2019-06-14 00:00:00,Green,1,0.5,Italy
1100145,Flood in Sudan,FL,13.5921931,25.0953913,2019-06-10 00:00:00,2019-06-12 00:00:00,Green,1,0.5,Sudan
1100142,Flood in Yemen,FL,12.783087,45.0232824,2019-06-07 00:00:00,2019-06-12 00:00:00,Green,1,0.5,Yemen
1100150,Flood in United Kingdom,FL,51.3424745,0.2621523,2019-06-11 00:00:00,2019-06-11 00:00:00,Green,1,0.5,United Kingdom
1100140,Flood in Maldives,FL,6.449901,72.62648989,2019-05-30 00:00:00,2019-06-11 00:00:00,Green,1,0.5,Maldives
1100136,"Flood in Afghanistan, Tajikistan",FL,40.3061019,70.4115048,2019-06-05 00:00:00,2019-06-10 00:00:00,Green,1,0.5,"Afghanistan, Tajikistan"
1000234,Flood in United States,FL,35.683874,-81.251412,2019-05-11 00:00:00,2019-06-10 00:00:00,Green,1,0.5,United States
1100139,Flood in Malaysia,FL,2.7051264,113.7828313,2019-06-02 00:00:00,2019-06-09 00:00:00,Green,1,0.5,Malaysia
1100138,Flood in Indonesia,FL,-0.5023218,117.1228641,2019-06-07 00:00:00,2019-06-07 00:00:00,Green,1,0.5,Indonesia
1100143,Flood in Guatemala,FL,15.4644376,-90.3837282,2019-06-03 00:00:00,2019-06-06 00:00:00,Green,1,0.5,Guatemala
1100146,Flood in Libya,FL,24.9642721,10.1762102,2019-06-03 00:00:00,2019-06-06 00:00:00,Green,1,0.5,Libya
1100147,Flood in Haiti,FL,18.7341303,-72.4175466,2019-06-03 00:00:00,2019-06-06 00:00:00,Green,1,0.5,Haiti
1100151,Flood in Mexico,FL,19.7476274,-103.768265,2019-06-02 00:00:00,2019-06-05 00:00:00,Green,1,0.5,Mexico
1100137,Flood in China,FL,23.7331,108.823,2019-06-05 00:00:00,2019-06-05 00:00:00,Orange,2,1.5,China
1000235,Flood in Ghana,FL,5.748899583,-2.120382546,2019-05-31 00:00:00,2019-06-05 00:00:00,green,1,0,Ghana
1100158,Flood in Philippines,FL,7.1284716,124.540247,2019-06-03 00:00:00,2019-06-03 00:00:00,Green,1,1.5,Philippines
1100247,Flood in Nigeria,FL,12.1942921,14.3676352,2019-10-23 00:00:00,2019-11-07 00:00:00,Orange,2,1.5,Nigeria
1100252,Flood in Guatemala,FL,14.5317892,-90.7381071,2019-10-28 00:00:00,2019-11-06 00:00:00,Green,1,0.5,Guatemala
1100253,"Flood in Canada, United States",FL,43.128217,-74.91840854,2019-10-31 00:00:00,2019-11-04 00:00:00,Green,1,0.5,"Canada, United States"
1100234,Flood in Vietnam,FL,15.0496821,108.7800569,2019-10-15 00:00:00,2019-11-04 00:00:00,Green,1,0.5,Vietnam
1100237,Flood in Niger,FL,13.4880875,12.51362659,2019-10-19 00:00:00,2019-11-04 00:00:00,Green,1,0.5,Niger
1100255,Flood in Colombia,FL,7.8822532,-76.6250112,2019-10-28 00:00:00,2019-11-01 00:00:00,Green,1,0.5,Colombia
1100279,Flood in Iran,FL,35.1292414,59.1065539,2019-11-01 00:00:00,2019-11-01 00:00:00,Green,1,0.5,Iran
1100270,Flood in United Kingdom,FL,51.8117211,-2.7164299,2019-10-27 00:00:00,2019-10-31 00:00:00,Green,1,0.5,United Kingdom
1100249,Flood in Uganda,FL,0.605049,33.4716211,2019-10-30 00:00:00,2019-10-30 00:00:00,Green,1,0.5,Uganda
1100246,Flood in Cameroon,FL,5.5002668,10.3329098,2019-10-28 00:00:00,2019-10-30 00:00:00,Green,1,1.5,Cameroon
1100241,Flood in Ghana,FL,5.6393741,-0.1325534,2019-10-28 00:00:00,2019-10-30 00:00:00,Green,1,0.5,Ghana
1100229,Flood in South Sudan,FL,9.9656487,33.8079669,2019-10-01 00:00:00,2019-10-29 07:00:00,Orange,2,1.5,South Sudan
1100280,Flood in Japan,FL,35.42853995,140.2878983,2019-10-24 00:00:00,2019-10-28 00:00:00,Green,1,0.5,Japan
1100283,"Flood in Oman, United Arab Emirates",FL,25.0493789,56.3485687,2019-10-28 00:00:00,2019-10-28 00:00:00,Green,1,0.5,"Oman, United Arab Emirates"
1100286,Flood in Saudi Arabia,FL,28.3172767,45.9116771,2019-10-27 00:00:00,2019-10-27 00:00:00,Green,1,0.5,Saudi Arabia
1100258,Flood in Peru,FL,-10.8848987,-75.0604201,2019-10-25 00:00:00,2019-10-27 00:00:00,Green,1,0.5,Peru
1100275,Flood in India,FL,26.5355214,93.9637899,2019-10-25 00:00:00,2019-10-25 00:00:00,Green,1,0.5,India
1100231,Flood in Italy,FL,44.4777617,8.7026296,2019-10-20 00:00:00,2019-10-23 13:00:00,Green,1,0.5,Italy
1100244,Flood in Egypt,FL,30.2927436,31.7424049,2019-10-22 00:00:00,2019-10-23 00:00:00,Green,1,0.5,Egypt
1100245,"Flood in Benin, Togo",FL,6.5947477,1.6853727,2019-10-23 00:00:00,2019-10-23 00:00:00,Green,1,0.5,"Benin, Togo"
1100236,Flood in France,FL,43.063458,2.382078,2019-10-22 00:00:00,2019-10-22 00:00:00,Green,1,0.5,France
1100232,Flood in Spain,FL,41.7318577,2.5024401,2019-10-22 00:00:00,2019-10-22 00:00:00,Green,1,0.5,Spain
1100233,Flood in Turkey,FL,37.066558,37.3794729,2019-10-20 00:00:00,2019-10-22 00:00:00,Green,1,0.5,Turkey
1100277,"Flood in Indonesia, Malaysia",FL,3.3391967,101.5596178,2019-10-22 00:00:00,2019-10-22 00:00:00,Green,1,0.5,"Indonesia, Malaysia"
1100240,Flood in Somalia,FL,7.98751735,49.68734863,2019-10-20 00:00:00,2019-10-20 00:00:00,Orange,2,1.5,Somalia
1100226,Flood in Russia,FL,54.5376136,93.441888,2019-10-19 00:00:00,2019-10-19 00:00:00,Green,1,0.5,Russia
1100257,Flood in Ecuador,FL,-1.4929286,-77.999839,2019-10-19 00:00:00,2019-10-19 00:00:00,Green,1,0.5,Ecuador
1100276,Flood in India,FL,14.7924245,75.3991266,2019-10-17 00:00:00,2019-10-17 00:00:00,Green,1,0.5,India
1100256,Flood in Colombia,FL,4.81251875,-75.74027003,2019-10-13 00:00:00,2019-10-17 00:00:00,Green,1,0.5,Colombia
1100242,Flood in Central African Republic,FL,5.5230899,23.4445705,2019-10-17 00:00:00,2019-10-17 00:00:00,Green,1,0.5,Central African Republic
1100281,Flood in Japan,FL,35.676216,139.6501093,2019-10-11 00:00:00,2019-10-17 00:00:00,Orange,2,1.5,Japan
1100288,Flood in Sri Lanka,FL,6.1439951,81.1218615,2019-10-17 00:00:00,2019-10-17 00:00:00,Green,1,0.5,Sri Lanka
1100243,Flood in Ethiopia,FL,5.9492085,43.5653972,2019-10-13 00:00:00,2019-10-13 00:00:00,Green,1,1.5,Ethiopia
1100230,Flood in Uganda,FL,1.2315038,34.2509656,2019-10-13 00:00:00,2019-10-13 00:00:00,Green,1,0.5,Uganda
1100206,Flood in Venezuela,FL,10.0437564,-72.2191181,2019-10-04 16:00:00,2019-10-12 16:00:00,Green,1,0.5,Venezuela
1100235,Flood in Uruguay,FL,-34.347738,-56.7070732,2019-10-12 00:00:00,2019-10-12 00:00:00,Green,1,0.5,Uruguay
1100228,Flood in Ghana,FL,10.787917,-0.8584303,2019-10-12 00:00:00,2019-10-12 00:00:00,Green,1,0.5,Ghana
1100254,Flood in United States,FL,39.64010935,-74.18885739,2019-10-10 00:00:00,2019-10-11 00:00:00,Green,1,0.5,United States
1100248,Flood in Tanzania,FL,-5.4253575,38.0236812,2019-10-10 00:00:00,2019-10-10 00:00:00,Green,1,0.5,Tanzania
1100204,Flood in Iran,FL,27.7198095,56.335807,2019-10-01 13:00:00,2019-10-08 13:00:00,Green,1,0.5,Iran
1100210,Flood in Sudan,FL,12.924266,26.7077582,2019-10-04 00:00:00,2019-10-08 00:00:00,Green,1,0.5,Sudan
1100220,"Flood in Ireland, United Kingdom",FL,52.4811613,1.7537149,2019-10-03 00:00:00,2019-10-08 00:00:00,Green,1,0.5,"Ireland, United Kingdom"
1100222,Flood in Vietnam,FL,10.0429409,105.7466993,2019-10-01 00:00:00,2019-10-07 00:00:00,Green,1,0.5,Vietnam
1100213,Flood in Honduras,FL,14.9326935,-88.7755514,2019-10-07 00:00:00,2019-10-07 00:00:00,Green,1,0.5,Honduras
1100208,"Flood in Ethiopia, Kenya",FL,3.4417345,40.2332854,2019-10-05 00:00:00,2019-10-05 00:00:00,Green,1,0.5,"Ethiopia, Kenya"
1100207,Flood in C么te d'Ivoire,FL,5.4747782,-3.2033181,2019-10-04 00:00:00,2019-10-04 00:00:00,Green,1,0.5,C么te d'Ivoire
1100227,Flood in Democratic Republic of the Congo,FL,-4.4414468,15.2667014,2019-10-04 00:00:00,2019-10-04 00:00:00,Green,1,0.5,Democratic Republic of the Congo
1100205,Flood in Mexico,FL,19.237843,-104.5679832,2019-09-28 00:00:00,2019-10-02 00:00:00,Green,1,0.5,Mexico
1100219,Flood in South Korea,FL,35.1795498,129.0760049,2019-10-02 00:00:00,2019-10-02 00:00:00,Green,1,0.5,South Korea
1100216,Flood in Iran,FL,27.2122767,54.7835826,2019-10-01 00:00:00,2019-10-01 00:00:00,Green,1,0.5,Iran
1100211,Flood in Niger,FL,13.4880875,12.51362659,2019-09-21 00:00:00,2019-10-01 00:00:00,Green,1,0.5,Niger
1100218,Flood in Pakistan,FL,34.910719,71.8122894,2019-09-30 00:00:00,2019-09-30 00:00:00,Green,1,0.5,Pakistan
1100225,Flood in Turkey,FL,41.3638806,41.6805479,2019-09-28 00:00:00,2019-09-30 00:00:00,Green,1,0.5,Turkey
1100215,"Flood in Colombia, Venezuela",FL,9.664363,-72.5096912,2019-09-29 00:00:00,2019-09-29 00:00:00,Green,1,0.5,"Colombia, Venezuela"
1100203,"Flood in Isle of Man, United Kingdom",FL,52.9388035,0.491880997,2019-09-28 00:00:00,2019-09-28 00:00:00,Green,1,0.5,"Isle of Man, United Kingdom"
1100212,Flood in Guatemala,FL,14.8448286,-91.5250002,2019-09-27 00:00:00,2019-09-27 00:00:00,Green,1,0.5,Guatemala
1100214,"Flood in Trinidad and Tobago, United States",FL,18.2647259,-66.700448,2019-09-21 00:00:00,2019-09-27 00:00:00,Green,1,0.5,"Trinidad and Tobago, United States"
1100223,Flood in Yemen,FL,14.7920105,42.9710793,2019-09-27 00:00:00,2019-09-27 00:00:00,Green,1,0.5,Yemen
1100199,Flood in India,FL,26.0518406,84.6197244,2019-09-24 14:00:00,2019-09-26 00:00:00,Green,1,0.5,India
1100202,Flood in United Kingdom,FL,52.4603144,-1.913972526,2019-09-24 00:00:00,2019-09-25 00:00:00,Green,1,0.5,United Kingdom
1100224,Flood in Papua New Guinea,FL,-9.443533,147.1806046,2019-09-23 00:00:00,2019-09-25 00:00:00,Green,1,0.5,Papua New Guinea
1100194,Flood in United States,FL,33.8333763,-111.4173557,2019-09-11 00:00:00,2019-09-24 00:00:00,Green,1,0.5,United States
1100217,Flood in Oman,FL,22.0157306,59.32228,2019-09-24 00:00:00,2019-09-24 00:00:00,Green,1,0.5,Oman
1100221,Flood in Sri Lanka,FL,5.9549944,80.5548718,2019-09-23 00:00:00,2019-09-23 00:00:00,Green,1,0.5,Sri Lanka
1100193,Flood in Haiti,FL,18.5111126,-72.6334255,2019-09-18 00:00:00,2019-09-22 00:00:00,Green,1,0.5,Haiti
1100197,Flood in Mexico,FL,19.5289143,-105.0782812,2019-09-20 00:00:00,2019-09-22 00:00:00,Green,1,0.5,Mexico
1100196,Flood in Greece,FL,40.6693744,22.9162975,2019-09-19 00:00:00,2019-09-19 00:00:00,Green,1,0.5,Greece
1100195,Flood in Algeria,FL,36.7007445,3.0570015,2019-09-12 00:00:00,2019-09-17 00:00:00,Green,1,0.5,Algeria
1100187,Flood in Spain,FL,36.6429721,-4.6884143,2019-09-11 12:00:00,2019-09-12 00:00:00,Green,1,0.5,Spain
1100192,Flood in New Zealand,FL,-45.9613738,168.8705962,2019-09-10 00:00:00,2019-09-11 00:00:00,Green,1,0.5,New Zealand
1100198,Flood in Sweden,FL,57.6083545,12.0641193,2019-09-10 00:00:00,2019-09-11 00:00:00,Green,1,0.5,Sweden
1100190,Flood in United Kingdom,FL,50.7512091,-3.2793763,2019-09-09 00:00:00,2019-09-10 00:00:00,Green,1,0.5,United Kingdom
1100191,Flood in Japan,FL,35.4439103,139.6380236,2019-09-08 00:00:00,2019-09-10 00:00:00,Green,1,0.5,Japan
1100182,Flood in India,FL,26.7054301,77.8743884,2019-09-04 00:00:00,2019-09-09 00:00:00,Green,1,0.5,India
1100188,Flood in Mali,FL,15.9205561,2.3950955,2019-08-24 00:00:00,2019-09-04 00:00:00,Green,1,0.5,Mali
1100177,Flood in Kenya,FL,-0.872926,36.3003731,2019-09-01 00:00:00,2019-09-02 00:00:00,Green,1,0.5,Kenya
1100181,"Flood in Cambodia, Laos, Thailand, Vietnam",FL,15.1189595,104.3241891,2019-08-29 00:00:00,2019-09-02 00:00:00,Green,1,1.5,"Cambodia, Laos, Thailand, Vietnam"
1100175,Flood in Algeria,FL,32.051469,-1.2448528,2019-09-01 00:00:00,2019-09-01 00:00:00,Green,1,0.5,Algeria
1100345,Flood in Brazil,FL,-23.4380534,-47.06403,2020-01-17 00:00:00,2020-02-10 00:00:00,Green,1,0.5,Brazil
1100364,Flood in Malawi,FL,-9.9524399,33.9246789,2020-02-01 00:00:00,2020-02-08 00:00:00,Green,1,0.5,Malawi
1100365,Flood in Burundi,FL,-3.2847709,29.3271069,2020-01-18 00:00:00,2020-02-01 00:00:00,Green,1,0.5,Burundi
1100359,Flood in Paraguay,FL,-24.1871471,-56.5833285,2020-01-29 00:00:00,2020-02-01 00:00:00,Green,1,0.5,Paraguay
1100362,"Flood in France, Luxembourg",FL,48.6921578,6.184805302,2020-02-01 00:00:00,2020-02-01 00:00:00,Green,1,0.5,"France, Luxembourg"
1100357,Flood in Colombia,FL,7.0720685,-73.1066074,2020-01-28 00:00:00,2020-01-31 00:00:00,Green,1,0.5,Colombia
1100351,"Flood in Canada, United States",FL,47.9125919,-122.0980193,2020-01-30 00:00:00,2020-01-30 00:00:00,Green,1,0.5,"Canada, United States"
1100348,Flood in Malaysia,FL,1.4926575,103.741698,2020-01-29 00:00:00,2020-01-29 00:00:00,Green,1,0.5,Malaysia
1100356,Flood in Chile,FL,-28.7589733,-70.4871377,2020-01-27 00:00:00,2020-01-27 00:00:00,Green,1,0.5,Chile
1100349,Flood in Kenya,FL,1.1638854,35.00042518,2020-01-26 00:00:00,2020-01-26 00:00:00,Green,1,0.5,Kenya
1100337,"Flood in France, Spain",FL,43.3054546,0.97167917,2020-01-19 11:00:00,2020-01-25 11:00:00,Green,1,0.5,"France, Spain"
1100358,Flood in Ecuador,FL,-1.3477508,-78.6700061,2020-01-21 00:00:00,2020-01-24 00:00:00,Green,1,0.5,Ecuador
1100363,Flood in Tanzania,FL,-4.3435574,36.9498524,2020-01-24 00:00:00,2020-01-24 00:00:00,Green,1,0.5,Tanzania
1100344,Flood in Australia,FL,-16.9197077,145.777959,2020-01-18 00:00:00,2020-01-22 00:00:00,Green,1,0.5,Australia
1100360,Flood in Peru,FL,-16.2504322,-71.6826853,2020-01-21 00:00:00,2020-01-21 00:00:00,Green,1,0.5,Peru
1100343,Flood in Spain,FL,38.3460029,-0.490685101,2020-01-20 00:00:00,2020-01-20 00:00:00,Green,1,0.5,Spain
1100339,Flood in Papua New Guinea,FL,-6.0839512,145.385358,2020-01-13 00:00:00,2020-01-19 00:00:00,Green,1,0.5,Papua New Guinea
1100342,Flood in Zimbabwe,FL,-18.3559764,26.5025529,2020-01-18 00:00:00,2020-01-18 00:00:00,Green,1,0.5,Zimbabwe
1100354,Flood in Argentina,FL,-27.056289,-65.4021901,2020-01-16 00:00:00,2020-01-18 00:00:00,Green,1,0.5,Argentina
1100355,Flood in Brazil,FL,-20.36442405,-41.24320529,2020-01-17 00:00:00,2020-01-17 00:00:00,Green,1,0.5,Brazil
1100352,Flood in Guatemala,FL,15.8263199,-88.7536347,2020-01-16 00:00:00,2020-01-16 00:00:00,Green,1,0.5,Guatemala
1100338,Flood in Oman,FL,23.5883027,58.3817545,2020-01-14 00:00:00,2020-01-16 00:00:00,Green,1,0.5,Oman
1100336,Flood in United States,FL,32.398632,-90.794302,2020-01-10 00:00:00,2020-01-13 00:00:00,Green,1,0.5,United States
1100316,Flood in Indonesia,FL,-0.5023218,117.1228641,2019-12-31 13:00:00,2020-01-10 00:00:00,Orange,2,0.5,Indonesia
1100332,"Flood in Iran, United Arab Emirates",FL,25.737639,55.90780163,2020-01-09 00:00:00,2020-01-09 00:00:00,Green,1,0.5,"Iran, United Arab Emirates"
1100333,Flood in Israel,FL,32.6300101,35.2974677,2020-01-04 00:00:00,2020-01-09 00:00:00,Green,1,0.5,Israel
1100341,Flood in Namibia,FL,-17.6912922,24.1377371,2020-01-09 00:00:00,2020-01-09 00:00:00,Green,1,0.5,Namibia
1100340,Flood in Madagascar,FL,-18.0186831,48.35493626,2020-01-07 00:00:00,2020-01-07 00:00:00,Green,1,0.5,Madagascar
1100330,Flood in Colombia,FL,6.31994965,-77.08377503,2019-12-26 15:00:00,2020-01-07 00:00:00,Green,1,0.5,Colombia
1100325,Flood in Peru,FL,-8.9302,-74.706,2019-12-28 00:00:00,2020-01-07 00:00:00,Green,1,0.5,Peru
1100334,Flood in Turkey,FL,36.8120328,34.6388866,2020-01-05 00:00:00,2020-01-05 00:00:00,Green,1,0.5,Turkey
1100335,Flood in Angola,FL,-5.5744041,12.1974742,2020-01-03 00:00:00,2020-01-03 00:00:00,Green,1,0.5,Angola
1100320,Flood in Tanzania,FL,-6.86835,37.81380014,2019-12-28 00:00:00,2020-01-02 00:00:00,Green,1,0.5,Tanzania
1100321,Flood in Zambia,FL,-16.5353751,28.7124494,2020-01-01 00:00:00,2020-01-01 00:00:00,Green,1,0.5,Zambia
1100322,Flood in United States,FL,34.9049555,-87.6747398,2019-12-29 00:00:00,2019-12-31 00:00:00,Green,1,0.5,United States
1100323,Flood in Fiji,FL,-18.970617,-179.0584415,2019-12-28 00:00:00,2019-12-30 00:00:00,Green,1,0.5,Fiji
1100319,Flood in Rwanda,FL,-1.9442566,30.0615548,2019-12-25 00:00:00,2019-12-29 00:00:00,Green,1,0.5,Rwanda
1100331,Flood in Malawi,FL,-16.0455711,34.8011094,2019-12-29 00:00:00,2019-12-29 00:00:00,Green,1,0.5,Malawi
1100326,Flood in Sri Lanka,FL,7.5554942,80.7137847,2019-12-18 00:00:00,2019-12-27 00:00:00,Green,1,0.5,Sri Lanka
1100318,Flood in Mozambique,FL,-16.6460178,36.991932,2019-12-26 00:00:00,2019-12-26 00:00:00,Green,1,0.5,Mozambique
1100317,Flood in Burundi,FL,-3.3638125,29.3675028,2019-12-21 00:00:00,2019-12-24 00:00:00,Green,1,0.5,Burundi
1100328,Flood in Malaysia,FL,6.0424199,102.1428075,2019-12-18 00:00:00,2019-12-18 00:00:00,Green,1,0.5,Malaysia
1100314,"Flood in Ireland, United Kingdom",FL,51.1949279,0.276633904,2019-12-18 00:00:00,2019-12-18 00:00:00,Green,1,0.5,"Ireland, United Kingdom"
1100315,"Flood in Portugal, Spain",FL,37.6954471,-6.550393,2019-12-18 00:00:00,2019-12-18 00:00:00,Green,1,0.5,"Portugal, Spain"
1100299,Flood in Portugal,FL,38.5714763,-7.9136537,2019-12-15 00:00:00,2019-12-17 00:00:00,Green,1,0.5,Portugal
1100329,Flood in Thailand,FL,6.4250991,101.8256423,2019-12-17 00:00:00,2019-12-17 00:00:00,Green,1,0.5,Thailand
1100327,Flood in Iran,FL,28.9060675,51.33057538,2019-12-15 00:00:00,2019-12-15 00:00:00,Green,1,0.5,Iran
1100303,Flood in Indonesia,FL,1.622619,100.8164343,2019-12-11 00:00:00,2019-12-15 00:00:00,Green,1,0.5,Indonesia
1100311,Flood in South Africa,FL,-29.8586605,31.0220057,2019-12-08 00:00:00,2019-12-15 00:00:00,Green,1,0.5,South Africa
1100308,Flood in Australia,FL,-27.3278929,153.0599177,2019-12-12 00:00:00,2019-12-13 00:00:00,Green,1,0.5,Australia
1100294,Flood in Uganda,FL,0.3477355,32.5810665,2019-12-07 00:00:00,2019-12-13 00:00:00,Green,1,0.5,Uganda
1100295,Flood in Maldives,FL,6.6217299,73.0717449,2019-12-11 00:00:00,2019-12-12 00:00:00,Green,1,0.5,Maldives
1100298,Flood in France,FL,44.2436605,0.4379893,2019-12-12 00:00:00,2019-12-12 00:00:00,Green,1,0.5,France
1100304,"Flood in Israel, Lebanon",FL,31.8044452,34.6553951,2019-12-09 00:00:00,2019-12-11 00:00:00,Green,1,0.5,"Israel, Lebanon"
1100305,Flood in Malaysia,FL,5.12475445,115.9443867,2019-12-09 00:00:00,2019-12-10 00:00:00,Green,1,0.5,Malaysia
1100307,Flood in Vietnam,FL,8.9405233,104.8934968,2019-12-08 00:00:00,2019-12-10 00:00:00,Green,1,0.5,Vietnam
1100353,Flood in Trinidad and Tobago,FL,10.0888259,-61.5246979,2019-12-10 00:00:00,2019-12-10 00:00:00,Green,1,0.5,Trinidad and Tobago
1100301,Flood in Madagascar,FL,-12.3242545,49.2935811,2019-12-09 00:00:00,2019-12-09 00:00:00,Green,1,0.5,Madagascar
1100313,Flood in Somalia,FL,7.9809434,49.8143533,2019-12-07 00:00:00,2019-12-07 00:00:00,Green,1,0.5,Somalia
1100312,Flood in Angola,FL,-17.06239665,15.70266749,2019-12-03 00:00:00,2019-12-05 00:00:00,Green,1,0.5,Angola
1100284,Flood in Philippines,FL,17.4136195,121.4440137,2019-12-02 00:00:00,2019-12-05 00:00:00,Orange,2,1.5,Philippines
1100293,Flood in Namibia,FL,-20.451503,16.6618665,2019-12-04 00:00:00,2019-12-04 00:00:00,Green,1,0.5,Namibia
1100300,Flood in Burundi,FL,-3.26755,29.62324,2019-12-04 00:00:00,2019-12-04 00:00:00,Green,1,0.5,Burundi
1100306,Flood in Thailand,FL,6.4294927,101.8008758,2019-11-30 00:00:00,2019-12-04 00:00:00,Green,1,0.5,Thailand
1100297,Flood in France,FL,43.9210587,7.1790785,2019-11-22 00:00:00,2019-12-03 10:00:00,Green,1,0.5,France
1100302,Flood in Uganda,FL,0.9221019,33.9505933,2019-12-03 00:00:00,2019-12-03 00:00:00,Orange,2,1.5,Uganda
1100309,Flood in New Zealand,FL,-43.3874757,170.1831896,2019-12-03 00:00:00,2019-12-03 00:00:00,Green,1,0.5,New Zealand
1100310,Flood in Rwanda,FL,-1.5025023,29.6323337,2019-12-03 00:00:00,2019-12-03 00:00:00,Green,1,0.5,Rwanda
1100291,Flood in Spain,FL,37.62743585,-0.993901547,2019-12-02 00:00:00,2019-12-02 00:00:00,Green,1,0.5,Spain
1100289,Flood in Mexico,FL,23.9212419,-106.7959687,2019-11-27 00:00:00,2019-12-01 00:00:00,Green,1,0.5,Mexico
1100296,Flood in Italy,FL,44.2334238,8.252572737,2019-11-11 16:00:00,2019-11-30 12:00:00,Green,1,0.5,Italy
1100290,Flood in United States,FL,32.715945,-117.160775,2019-11-28 00:00:00,2019-11-30 00:00:00,Green,1,0.5,United States
1100287,Flood in Sri Lanka,FL,6.9937642,81.05444226,2019-11-29 00:00:00,2019-11-29 00:00:00,Green,1,0.5,Sri Lanka
1100292,Flood in Brazil,FL,-12.9784054,-38.501982,2019-11-26 00:00:00,2019-11-28 00:00:00,Green,1,0.5,Brazil
1100274,Flood in India,FL,8.7593293,78.147387,2019-11-28 00:00:00,2019-11-28 00:00:00,Green,1,0.5,India
1100282,Flood in Malaysia,FL,5.8362966,102.4080261,2019-11-27 00:00:00,2019-11-27 00:00:00,Green,1,0.5,Malaysia
1100272,Flood in Democratic Republic of the Congo,FL,-4.40350795,15.3801923,2019-11-25 00:00:00,2019-11-25 00:00:00,Green,1,0.5,Democratic Republic of the Congo
1100267,Flood in Kenya,FL,0.5524688,35.3015815,2019-11-23 00:00:00,2019-11-23 00:00:00,Green,1,0.5,Kenya
1100271,Flood in Greece,FL,36.4349226,28.21802709,2019-11-23 00:00:00,2019-11-23 00:00:00,Green,1,0.5,Greece
1100261,Flood in Djibouti,FL,11.5714548,43.145961,2019-11-21 00:00:00,2019-11-21 00:00:00,Green,1,0.5,Djibouti
1100269,Flood in United Kingdom,FL,52.0647034,-2.2178636,2019-11-07 00:00:00,2019-11-19 00:00:00,Green,1,0.5,United Kingdom
1100259,Flood in Austria,FL,47.1142689,13.13280618,2019-11-15 00:00:00,2019-11-19 00:00:00,Green,1,0.5,Austria
1100278,Flood in Iran,FL,36.09137835,52.64319867,2019-11-17 00:00:00,2019-11-17 00:00:00,Green,1,0.5,Iran
1100263,Flood in Chad,FL,9.4178186,14.8404854,2019-11-15 00:00:00,2019-11-15 00:00:00,Green,1,1.5,Chad
1100265,Flood in Algeria,FL,36.6113971,4.4718747,2019-11-11 00:00:00,2019-11-13 00:00:00,Green,1,0.5,Algeria
1100266,Flood in Tunisia,FL,36.7074378,8.6159232,2019-11-12 00:00:00,2019-11-13 00:00:00,Green,1,0.5,Tunisia
1100264,Flood in South Africa,FL,-28.7509579,31.8936591,2019-11-12 00:00:00,2019-11-12 00:00:00,Green,1,0.5,South Africa
1100273,"Flood in Bangladesh, India",FL,22.7009953,90.3538345,2019-11-09 00:00:00,2019-11-12 00:00:00,Red,3,2.5,"Bangladesh, India"
1100285,Flood in Philippines,FL,18.1646066,120.7122455,2019-11-08 00:00:00,2019-11-11 00:00:00,Green,1,0.5,Philippines
1100247,Flood in Nigeria,FL,12.1942921,14.3676352,2019-10-23 00:00:00,2019-11-07 00:00:00,Orange,2,1.5,Nigeria
1100252,Flood in Guatemala,FL,14.5317892,-90.7381071,2019-10-28 00:00:00,2019-11-06 00:00:00,Green,1,0.5,Guatemala
1100238,"Flood in France, Italy",FL,43.9210587,7.1790785,2019-11-02 15:00:00,2019-11-05 15:00:00,Green,1,0.5,"France, Italy"
1100250,Flood in Montenegro,FL,42.4304691,19.2593739,2019-11-05 00:00:00,2019-11-05 00:00:00,Green,1,0.5,Montenegro
1100251,Flood in Russia,FL,59.97773285,41.23022914,2019-11-04 00:00:00,2019-11-04 00:00:00,Green,1,0.5,Russia
1100234,Flood in Vietnam,FL,15.0496821,108.7800569,2019-10-15 00:00:00,2019-11-04 00:00:00,Green,1,0.5,Vietnam
1100237,Flood in Niger,FL,13.4880875,12.51362659,2019-10-19 00:00:00,2019-11-04 00:00:00,Green,1,0.5,Niger
1100253,"Flood in Canada, United States",FL,43.128217,-74.91840854,2019-10-31 00:00:00,2019-11-04 00:00:00,Green,1,0.5,"Canada, United States"
1100255,Flood in Colombia,FL,7.8822532,-76.6250112,2019-10-28 00:00:00,2019-11-01 00:00:00,Green,1,0.5,Colombia
1100279,Flood in Iran,FL,35.1292414,59.1065539,2019-11-01 00:00:00,2019-11-01 00:00:00,Green,1,0.5,Iran
1100613,Flood in Indonesia,FL,-2.0637551,101.39503,2020-09-06 00:00:00,2020-11-12 00:00:00,Green,1,0.5,Indonesia
1100649,Flood in Mozambique,FL,-13.0638577,36.4669964,2020-10-01 00:00:00,2020-10-19 00:00:00,Green,1,0.5,Mozambique
1100634,Flood in Georgia,FL,41.5800677,41.6611425,2020-10-01 00:00:00,2020-10-03 00:00:00,Green,1,0.5,Georgia
1100630,Flood in Democratic Republic of the Congo,FL,-1.5641819,29.0516096,2020-10-01 00:00:00,2020-10-03 00:00:00,Green,1,0.5,Democratic Republic of the Congo
1100632,"Flood in El Salvador, Honduras, Mexico",FL,16.7569025,-93.12912574,2020-10-01 00:00:00,2020-10-01 00:00:00,Green,1,0.5,"El Salvador, Honduras, Mexico"
1100644,Flood in Cambodia,FL,12.4662592,103.742683,2020-10-01 00:00:00,2020-10-01 00:00:00,Green,1,1.5,Cambodia
1100633,Flood in Bangladesh,FL,25.9345033,88.840752,2020-09-24 00:00:00,2020-09-30 00:00:00,Green,1,1.5,Bangladesh
1100629,Flood in Vietnam,FL,21.2470621,105.205674,2020-09-25 00:00:00,2020-09-28 00:00:00,Green,1,0.5,Vietnam
1100625,Flood in Ghana,FL,6.6667695,-1.6162375,2020-09-24 00:00:00,2020-09-28 00:00:00,Green,1,0.5,Ghana
1100627,Flood in Myanmar,FL,25.6146635,96.2977356,2020-09-22 00:00:00,2020-09-28 00:00:00,Green,1,0.5,Myanmar
1100628,Flood in Nepal,FL,28.0227044,83.8076898,2020-09-23 00:00:00,2020-09-25 00:00:00,Green,1,0.5,Nepal
1100626,Flood in Iran,FL,37.8010399,48.90786585,2020-09-19 00:00:00,2020-09-23 00:00:00,Green,1,0.5,Iran
1100619,Flood in France,FL,43.9415313,4.1509053,2020-09-19 00:00:00,2020-09-22 00:00:00,Green,1,0.5,France
1100621,Flood in United States,FL,29.7604958,-95.3699625,2020-09-16 00:00:00,2020-09-22 00:00:00,Green,1,0.5,United States
1100611,Flood in India,FL,26.3486769,92.6821293,2020-09-12 00:00:00,2020-09-22 00:00:00,Green,1,0.5,India
1100620,Flood in Mexico,FL,17.4704698,-95.8796502,2020-09-15 00:00:00,2020-09-21 00:00:00,Green,1,0.5,Mexico
1100622,Flood in Guatemala,FL,14.7905722,-89.5457485,2020-09-12 00:00:00,2020-09-18 00:00:00,Green,1,0.5,Guatemala
1100623,"Flood in Cambodia, Laos, Thailand, Vietnam",FL,12.4662592,103.742683,2020-09-18 00:00:00,2020-09-18 00:00:00,Green,1,0.5,"Cambodia, Laos, Thailand, Vietnam"
1100624,Flood in China,FL,26.8068033,107.4565621,2020-09-09 00:00:00,2020-09-18 00:00:00,Green,1,0.5,China
1100615,Flood in Ghana,FL,10.7566705,-0.8669255,2020-09-16 00:00:00,2020-09-16 00:00:00,Green,1,0.5,Ghana
1100614,Flood in Indonesia,FL,-2.08914,112.836537,2020-09-06 00:00:00,2020-09-15 00:00:00,Green,1,0.5,Indonesia
1100612,Flood in Vietnam,FL,22.7636822,105.0427885,2020-09-11 00:00:00,2020-09-14 00:00:00,Green,1,0.5,Vietnam
1100605,Flood in Mauritania,FL,15.862769,-5.9543538,2020-09-01 00:00:00,2020-09-14 00:00:00,Green,1,0.5,Mauritania
1100606,Flood in Tunisia,FL,35.6516156,10.7602501,2020-09-05 00:00:00,2020-09-14 00:00:00,Green,1,0.5,Tunisia
1100607,Flood in Nepal,FL,27.7978026,85.9158696,2020-09-12 00:00:00,2020-09-14 00:00:00,Green,1,0.5,Nepal
1100608,Flood in Sri Lanka,FL,6.92684275,79.86090945,2020-09-05 00:00:00,2020-09-14 00:00:00,Green,1,0.5,Sri Lanka
1100609,Flood in Cape Verde,FL,14.9339144,-23.5149753,2020-09-12 00:00:00,2020-09-14 00:00:00,Green,1,0.5,Cape Verde
1100617,Flood in Nigeria,FL,7.7326641,6.7032561,2020-09-14 00:00:00,2020-09-14 00:00:00,Green,1,0.5,Nigeria
1100618,Flood in Myanmar,FL,22.5519787,96.13884616,2020-09-13 00:00:00,2020-09-13 00:00:00,Green,1,0.5,Myanmar
1100604,Flood in Democratic Republic of the Congo,FL,-3.5413167,27.690509,2020-09-11 00:00:00,2020-09-13 00:00:00,Green,1,0.5,Democratic Republic of the Congo
1100610,Flood in Uganda,FL,0.3477355,32.5810665,2020-09-08 00:00:00,2020-09-12 00:00:00,Green,1,0.5,Uganda
1100595,Flood in Algeria,FL,35.86877855,7.110804018,2020-09-07 00:00:00,2020-09-09 00:00:00,Green,1,0.5,Algeria
1100596,Flood in Burkina Faso,FL,12.3714032,-1.5196252,2020-08-30 00:00:00,2020-09-08 00:00:00,Green,1,0.5,Burkina Faso
1100599,Flood in Japan,FL,32.604518,131.443404,2020-09-06 00:00:00,2020-09-06 00:00:00,Green,1,0.5,Japan
1100598,Flood in Senegal,FL,12.8508009,-15.6041385,2020-09-04 00:00:00,2020-09-04 00:00:00,Green,1,0.5,Senegal
1100600,Flood in Nepal,FL,28.4902865,83.0672741,2020-09-02 00:00:00,2020-09-03 00:00:00,Green,1,0.5,Nepal
1100602,Flood in Ireland,FL,53.4889838,-10.0202147,2020-09-01 00:00:00,2020-09-03 00:00:00,Green,1,0.5,Ireland
1100616,Flood in Guinea,FL,10.6248355,-9.3175166,2020-09-03 00:00:00,2020-09-03 00:00:00,Green,1,0.5,Guinea
1100603,Flood in Honduras,FL,16.3231473,-86.5356039,2020-09-02 00:00:00,2020-09-02 00:00:00,Green,1,0.5,Honduras
1100601,"Flood in North Korea, South Korea",FL,37.82256,128.15442,2020-09-02 00:00:00,2020-09-02 00:00:00,Green,1,0.5,"North Korea, South Korea"
1100588,Flood in Pakistan,FL,34.7447334,72.3562789,2020-08-20 00:00:00,2020-09-01 00:00:00,Green,1,0.5,Pakistan
1100575,Flood in Mexico,FL,19.237843,-104.5679832,2020-08-08 00:00:00,2020-08-31 00:00:00,Green,1,0.5,Mexico
1100597,Flood in Nigeria,FL,12.2615909,9.5466043,2020-08-30 00:00:00,2020-08-30 00:00:00,Green,1,0.5,Nigeria
1100578,Flood in India,FL,21.1700129,72.8316243,2020-08-14 00:00:00,2020-08-29 00:00:00,Green,1,0.5,India
1100593,"Flood in Ireland, United Kingdom",FL,51.6800398,-9.4530596,2020-08-24 00:00:00,2020-08-28 00:00:00,Green,1,0.5,"Ireland, United Kingdom"
1100589,Flood in Thailand,FL,18.7753932,100.7754466,2020-08-20 00:00:00,2020-08-25 00:00:00,Green,1,0.5,Thailand
1100592,Flood in Afghanistan,FL,35.387592,70.9288288,2020-08-25 00:00:00,2020-08-25 00:00:00,Green,1,0.5,Afghanistan
1100584,Flood in Chad,FL,12.1338962,15.0557347,2020-08-20 00:00:00,2020-08-23 00:00:00,Green,1,0.5,Chad
1100585,Flood in Uganda,FL,2.1143613,31.4166552,2020-08-18 00:00:00,2020-08-23 00:00:00,Green,1,0.5,Uganda
1100586,"Flood in Dominican Republic, Haiti",FL,18.5102187,-69.8411755,2020-08-22 00:00:00,2020-08-22 00:00:00,Green,1,0.5,"Dominican Republic, Haiti"
1100582,Flood in Cameroon,FL,4.0512111,9.7680368,2020-08-20 00:00:00,2020-08-22 00:00:00,Green,1,0.5,Cameroon
1100590,Flood in Turkey,FL,40.73966265,38.44960749,2020-08-22 00:00:00,2020-08-22 00:00:00,Green,1,0.5,Turkey
1100591,Flood in Vietnam,FL,21.3954508,105.5327518,2020-08-16 00:00:00,2020-08-21 00:00:00,Green,1,0.5,Vietnam
1100579,Flood in Nepal,FL,29.01056725,81.22134759,2020-08-14 00:00:00,2020-08-20 00:00:00,Green,1,0.5,Nepal
1100594,Flood in Kenya,FL,2.76556575,35.59772282,2020-08-17 00:00:00,2020-08-17 00:00:00,Green,1,0.5,Kenya
1100587,Flood in United Kingdom,FL,56.9636576,-2.2093835,2020-08-11 00:00:00,2020-08-13 00:00:00,Green,1,0.5,United Kingdom
1100576,Flood in France,FL,48.639077,0.0844464,2020-08-11 00:00:00,2020-08-13 00:00:00,Green,1,0.5,France
1100577,Flood in Italy,FL,46.3161679,9.787770375,2020-08-11 00:00:00,2020-08-13 00:00:00,Green,1,0.5,Italy
1100574,Flood in South Sudan,FL,6.2124362,31.5640276,2020-07-28 00:00:00,2020-08-12 00:00:00,Orange,2,1.5,South Sudan
1100572,Flood in Spain,FL,37.8885378,-4.7794761,2020-08-11 00:00:00,2020-08-12 00:00:00,Green,1,0.5,Spain
1100581,Flood in China,FL,30.5750782,104.0662085,2020-08-11 00:00:00,2020-08-11 00:00:00,Orange,2,2.5,China
1100580,Flood in Thailand,FL,14.0418782,101.6592991,2020-08-10 00:00:00,2020-08-10 00:00:00,Green,1,0.5,Thailand
1100569,Flood in Trinidad and Tobago,FL,10.60607395,-61.38290224,2020-08-07 00:00:00,2020-08-10 00:00:00,Green,1,0.5,Trinidad and Tobago
1100567,Flood in Greece,FL,38.5208755,23.8654402,2020-08-08 00:00:00,2020-08-10 00:00:00,Green,1,0.5,Greece
1100568,Flood in Panama,FL,8.7433053,-81.2001067,2020-08-08 00:00:00,2020-08-08 00:00:00,Green,1,0.5,Panama
1100571,Flood in Nigeria,FL,10.5111019,7.4167639,2020-08-03 00:00:00,2020-08-08 00:00:00,Green,1,0.5,Nigeria
1100573,Flood in Australia,FL,-35.081875,150.4935869,2020-08-07 00:00:00,2020-08-07 00:00:00,Green,1,0.5,Australia
1100566,Flood in Pakistan,FL,28,66,2020-08-07 00:00:00,2020-08-07 00:00:00,Green,1,0.5,Pakistan
1100551,Flood in India,FL,10.1416935,77.0528078,2020-08-01 00:00:00,2020-08-06 00:00:00,Green,1,0.5,India
1100564,Flood in Philippines,FL,7.1907782,125.4554997,2020-08-04 00:00:00,2020-08-05 00:00:00,Green,1,0.5,Philippines
1100562,"Flood in Laos, Vietnam",FL,21.0084692,107.2919066,2020-08-01 00:00:00,2020-08-04 00:00:00,Green,1,0.5,"Laos, Vietnam"
1100563,Flood in North Korea,FL,38.3380279,126.3980895,2020-08-03 00:00:00,2020-08-03 00:00:00,Green,1,0.5,North Korea
1100554,Flood in South Korea,FL,36.8026404,127.7004493,2020-07-29 00:00:00,2020-08-01 00:00:00,Green,1,0.5,South Korea
1100556,Flood in Yemen,FL,15.4741726,45.3215163,2020-07-22 00:00:00,2020-08-01 00:00:00,Green,1,0.5,Yemen
1100550,Flood in Georgia,FL,42.60020495,43.09517199,2020-07-28 00:00:00,2020-08-01 00:00:00,Green,1,0.5,Georgia
1101205,Flood in Brazil,FL,-18.5264844,-44.1588654,2021-11-08 01:00:00,2022-01-08 01:00:00,Orange,2,1.5,Brazil
